Date,Open,High,Low,Close,Volume
,TCS.NS,TCS.NS,TCS.NS,TCS.NS,TCS.NS
2023-11-15,3208.0345356358303,3236.387205247155,3182.384247933324,3228.137451171875,2059802
2023-11-16,3252.5546044444736,3346.716154987395,3237.5247047698776,3316.84619140625,3951984
2023-11-17,3316.846671431054,3342.11751992798,3311.8208844981696,3321.20849609375,2021292
2023-11-20,3310.587885368086,3351.0307783179896,3310.587885368086,3337.470947265625,1475621
2023-11-21,3337.470355068238,3355.9138241108953,3319.8327619307543,3328.556640625,1807236
2023-11-22,3318.88512142956,3349.8454857452175,3300.963234376662,3347.474853515625,1798051
2023-11-23,3347.3325069701773,3360.608046657878,3318.884921925105,3326.7080078125,2729804
2023-11-24,3313.432579520662,3323.199630349241,3274.3171487686473,3278.205078125,1989733
2023-11-28,3278.2050751499805,3301.105289257559,3255.3520884800573,3290.57958984375,1689195
2023-11-29,3300.8683019137984,3335.9536587568928,3295.9374331994227,3331.923583984375,1441634
2023-11-30,3318.3636112436993,3334.6735150515265,3300.8683912942124,3307.126953125,3266235
2023-12-01,3318.8850754721416,3334.9579154648036,3309.4500056304237,3329.93212890625,1172141
2023-12-04,3361.224615649316,3364.2117512474415,3316.98870959502,3330.69091796875,1625213
2023-12-05,3354.9188237283443,3354.9188237283443,3321.540367317705,3348.85009765625,1377656
2023-12-06,3349.7983059413914,3425.8956015934377,3342.733636591101,3417.598388671875,1896572
2023-12-07,3418.451744252406,3442.6796524305582,3405.839934234335,3427.83935546875,1967653
2023-12-08,3445.002603708942,3456.3816379078157,3415.654224305756,3439.028564453125,1641155
2023-12-11,3435.4253229469305,3463.967827707981,3427.9342176743367,3454.390380859375,1102503
2023-12-12,3450.64486709552,3507.018456073914,3443.1063027918103,3482.07958984375,2236866
2023-12-13,3455.006883047287,3461.1230679206947,3378.6250660277906,3407.59423828125,3850968
2023-12-14,3442.1580480094076,3487.6741874872178,3439.88233363834,3477.48046875,3290396
2023-12-15,3476.9585341697716,3694.345490990078,3476.9585341697716,3661.2041015625,8531230
2023-12-18,3658.454375233171,3725.6854089978647,3631.9505231450003,3659.497314453125,2521612
2023-12-19,3646.0323859625214,3655.6098328171565,3593.87847667047,3618.72265625,2004435
2023-12-20,3629.2006019956616,3697.0481375054533,3571.6417021761895,3584.443115234375,2586083
2023-12-21,3561.874909756601,3609.7142216441343,3549.642540106947,3591.5078125,1517562
2023-12-22,3603.361070704759,3646.933245771475,3567.3274599977117,3626.119140625,2413058
2023-12-26,3622.183949299086,3635.6016352928714,3594.0206528341296,3599.141357421875,1285231
2023-12-27,3602.4125627495287,3620.618971095341,3573.016724517037,3613.981201171875,1293976
2023-12-28,3626.119100844942,3639.3946414861102,3595.8699258439583,3603.26611328125,1682889
2023-12-29,3595.7753216260303,3624.791955590084,3570.551699604621,3597.102783203125,1574996
2024-01-01,3593.8784899629513,3633.705111751459,3577.7581906676032,3613.88671875,825907
2024-01-02,3613.8865694951905,3613.8865694951905,3572.3055889566763,3587.43017578125,1344068
2024-01-03,3572.0686772686777,3576.667796440322,3496.255904152082,3500.712646484375,1803075
2024-01-04,3510.1951028326184,3526.552465032622,3462.071269113768,3477.0537109375,3598144
2024-01-05,3484.8291113552727,3553.8145039678157,3484.6869660351745,3544.47412109375,1963127
2024-01-08,3544.4744750104824,3546.2288355043906,3482.3639091369514,3487.958740234375,1067805
2024-01-09,3517.9707687302525,3558.1768302364985,3492.1783363813142,3498.958251953125,1370944
2024-01-10,3499.053125217598,3536.2720507365116,3497.1566194586726,3520.910400390625,1292227
2024-01-11,3531.2939700655124,3577.75836440848,3515.17366998734,3542.246337890625,1777909
2024-01-12,3648.8772170987218,3703.1646964851307,3623.843432744319,3681.87646484375,6813450
2024-01-15,3755.0815627176166,3759.8228273170075,3683.962593726753,3701.789794921875,2801505
2024-01-16,3697.2381021359224,3697.2381021359224,3656.036559430459,3661.489013671875,1432672
2024-01-17,3621.3780100735817,3707.6215694323387,3615.2618248575886,3683.58349609375,3458696
2024-01-18,3696.290043384287,3706.5312216683974,3662.152936775299,3700.652099609375,2239110
2024-01-19,3766.919057481787,3784.6317399780814,3738.3210747593575,3765.05712890625,2941975
2024-01-23,3723.9503266134257,3756.3199554352645,3669.2846455368567,3684.0849609375,2618854
2024-01-24,3704.8532560312447,3708.338398449399,3633.8118332357167,3668.377685546875,2657709
2024-01-25,3666.5634951802735,3686.711116154436,3608.1261628069346,3638.2998046875,2205154
2024-01-29,3629.228264270237,3647.561511105219,3610.1788731595148,3629.419189453125,1646747
2024-01-30,3635.5781805395054,3674.1068379093945,3616.0513588538565,3628.98974609375,1411621
2024-01-31,3639.158755461559,3660.929588370053,3625.0745845099527,3643.6943359375,2459358
2024-02-01,3647.56157849842,3728.6290187621194,3633.286482295551,3680.169921875,2363107
2024-02-02,3700.1269169206976,3804.5406228744723,3697.2145499513263,3787.2578125,2826510
2024-02-05,3803.2039816310494,3840.4434883555314,3783.247518711278,3793.94189453125,1691523
2024-02-06,3816.5717082217307,3962.569566984558,3809.887694722218,3949.297119140625,4474396
2024-02-07,3965.5300677296837,3967.439786038246,3890.0484049597753,3899.07177734375,2124267
2024-02-08,3905.3737741443265,3970.304193861152,3901.60212727005,3947.483154296875,2345173
2024-02-09,3949.822049542002,3995.846442629643,3914.922137470945,3947.10107421875,2100596
2024-02-12,3943.567991208639,3971.831913158721,3920.221500261139,3934.68798828125,1013716
2024-02-13,3939.2235698107565,3981.7623552395244,3897.257326836959,3962.187744140625,1257415
2024-02-14,3921.606501246575,3929.149795230131,3866.7021005108368,3915.01806640625,1391283
2024-02-15,3941.658346417395,3959.1320813699854,3898.689687117787,3917.97802734375,1091582
2024-02-16,3927.5741373230317,3960.707934118615,3915.0178335842274,3941.944580078125,1307556
2024-02-19,3936.931574545264,3941.944584755052,3871.953600131452,3918.550537109375,772291
2024-02-20,3897.830322614707,3913.01248865656,3828.9848900714505,3848.70263671875,1193648
2024-02-21,3831.849293395927,3879.926538879734,3800.911954023389,3811.31982421875,1885939
2024-02-22,3791.745738336164,3910.1004850304307,3791.745738336164,3902.60498046875,2982052
2024-02-23,3943.5682482113766,3943.5682482113766,3863.7419308591834,3869.184814453125,2538072
2024-02-26,3853.811243032453,3867.179270139107,3802.964997073217,3820.43896484375,1379284
2024-02-27,3818.4814808469996,3937.838866469874,3818.4814808469996,3919.12353515625,2960475
2024-02-28,3910.7210365348114,3967.3439948618516,3904.418873205376,3933.01708984375,1939225
2024-02-29,3913.9675096416795,3951.3025942599716,3881.072659776966,3910.24365234375,3772719
2024-03-01,3921.7973761015874,3953.116567239845,3902.3181111157173,3909.52734375,2043265
2024-03-04,3919.696776107662,3932.0143657858353,3891.9102818402757,3896.49365234375,1749271
2024-03-05,3878.637856722724,3880.547575017516,3800.3394066362484,3830.990478515625,2070859
2024-03-06,3813.755130912655,3888.186353005967,3779.7620528496122,3880.833984375,1744204
2024-03-07,3881.502084875083,3937.838769501806,3855.4343858729776,3923.134033203125,2688905
2024-03-11,3904.4190262849966,3965.5300112892123,3904.4190262849966,3936.263671875,2304068
2024-03-12,3936.2632588176057,4039.0061848224314,3935.021662321107,4003.0078125,4039801
2024-03-13,4015.1820645317393,4049.5569882708933,3945.381778913453,3961.7099609375,2837260
2024-03-14,3965.9592736637765,4034.279248163404,3901.5538480463124,4017.664794921875,2919608
2024-03-15,4003.3428897614403,4047.6482646616882,3988.4469925670846,4028.789794921875,3373143
2024-03-18,4024.969899930271,4062.686835117329,3931.9667150207774,3965.052490234375,1526904
2024-03-19,3868.3732645578198,3874.818564042119,3787.5445279767664,3797.761474609375,8931209
2024-03-20,3806.068122915207,3836.623612110713,3781.432713127354,3791.649658203125,1817913
2024-03-21,3809.9356057637506,3827.457130409854,3769.783733909053,3793.607421875,3829582
2024-03-22,3721.0859500621946,3760.235173555279,3680.9818674595226,3734.3583984375,5852485
2024-03-26,3700.078672781673,3768.542017341813,3696.6888766639236,3702.4658203125,3440925
2024-03-27,3712.9694508618754,3719.1760347452755,3656.5371872279266,3667.51806640625,1968575
2024-03-28,3676.3030511328657,3738.273312412513,3667.1363106820577,3701.3203125,4311783
2024-04-01,3721.7539807192757,3755.747055308382,3712.539684362111,3739.944091796875,1569676
2024-04-02,3714.402013572378,3733.356060539983,3698.169408371676,3708.48193359375,2142666
2024-04-03,3677.162497964361,3801.294184470559,3677.162497964361,3769.115478515625,3973090
2024-04-04,3796.424366144273,3846.793185841182,3757.609435303528,3822.587646484375,3394637
2024-04-05,3798.429228944485,3821.3458457103648,3781.7191958860317,3799.622802734375,1636819
2024-04-08,3803.2038169653624,3850.612478302472,3781.242057540255,3793.2255859375,2302538
2024-04-09,3804.158596044347,3834.5709511607815,3747.8696995867963,3768.399169921875,1876992
2024-04-10,3777.8042843421695,3810.0785671309804,3741.137789757888,3804.779052734375,2101965
2024-04-12,3791.745327044356,3832.183701481011,3767.396421015741,3820.77294921875,4354821
2024-04-15,3820.7727489752706,3880.7379414211127,3742.140249381738,3763.290283203125,4200329
2024-04-16,3725.859863862983,3751.354552852832,3688.4772268007755,3697.97802734375,3051420
2024-04-18,3701.7977325096917,3758.3253434910666,3676.207462510317,3687.665771484375,3476284
2024-04-19,3664.748828093719,3678.6420731149747,3629.3234660801954,3653.4814453125,2957749
2024-04-22,3663.794476443267,3702.943700715921,3639.9229982282336,3690.148681640625,1728883
2024-04-23,3702.03624829622,3719.1759212580155,3686.328863879196,3699.792236328125,1807586
2024-04-24,3714.4019349755777,3722.0408078495634,3651.810873740377,3658.113037109375,1317312
2024-04-25,3639.1588831449344,3698.789786133694,3638.967957952699,3678.30810546875,2856271
2024-04-26,3681.124880410782,3701.797719316403,3630.8994327921014,3648.850830078125,2039178
2024-04-29,3664.7491893782994,3702.7526278045857,3646.7977918527276,3695.49560546875,1110693
2024-04-30,3697.2144816964656,3706.5243580385472,3638.0132167519455,3648.182373046875,2203078
2024-05-02,3607.5052491169877,3696.354929571108,3607.5052491169877,3688.906982421875,2491044
2024-05-03,3714.5446880570794,3717.8391381406313,3626.1726730929386,3669.905029296875,2962234
2024-05-06,3679.071845167133,3762.0967912598144,3679.071845167133,3744.050048828125,2053831
2024-05-07,3753.360296287447,3807.9781916296693,3736.841186796066,3799.336669921875,2062112
2024-05-08,3782.1968021657026,3804.4450652730084,3760.8080520992153,3797.4267578125,1247685
2024-05-09,3783.1516542867107,3791.74538595975,3733.5467719757585,3781.432861328125,1726486
2024-05-10,3783.724738667533,3794.2281887002428,3709.675369312951,3718.125732421875,1672489
2024-05-13,3709.1501462351494,3776.467712282151,3695.3046893886026,3769.5927734375,931326
2024-05-14,3758.325333970824,3767.6829995665794,3717.1708144286235,3725.09619140625,1058317
2024-05-15,3728.2470590063567,3749.6835974700216,3700.5561473118546,3705.23486328125,1115021
2024-05-16,3742.4565954752024,3760.1536051008206,3696.674864101549,3751.93017578125,2599399
2024-05-17,3769.290932634866,3770.2527318011416,3683.6908068363196,3687.63427734375,2765804
2024-05-21,3684.267988960184,3697.877353269418,3664.5029690837023,3674.26513671875,1908117
2024-05-22,3688.500143859481,3694.511389204754,3671.7167938183334,3685.61474609375,1311168
2024-05-23,3694.2225831135406,3755.825868716935,3679.3628324652072,3744.717041015625,2095742
2024-05-24,3730.0977721050167,3735.435804663223,3697.4447360116023,3702.446044921875,1309452
2024-05-27,3707.7361008082685,3759.048184611569,3694.6076349995965,3700.08984375,1841538
2024-05-28,3710.6215511853525,3722.1631423243425,3683.691171861042,3693.212890625,1801993
2024-05-29,3701.868825659015,3701.868825659015,3654.8369389752725,3658.347412109375,1568095
2024-05-30,3632.7154213410568,3649.450632771814,3573.51663617764,3593.3779296875,2919230
2024-05-31,3597.128582460036,3606.5542604678308,3514.1734112736244,3530.71630859375,10956800
2024-06-03,3590.2037857688797,3608.2375191868537,3554.809531351022,3561.39794921875,2156773
2024-06-04,3558.656996551144,3601.9379600227116,3454.3017846252524,3573.083984375,3395997
2024-06-05,3574.0457812307864,3639.2558131149094,3558.656994228716,3603.33251953125,2799670
2024-06-06,3636.5626544761217,3693.2125315497983,3598.5715873373206,3684.075439453125,4328036
2024-06-07,3690.7121665626996,3765.4439184409357,3690.7121665626996,3745.197998046875,4552445
2024-06-10,3746.20779064658,3756.6913077396334,3695.1361604735534,3711.29443359375,1734661
2024-06-11,3698.117909125514,3731.7327440674576,3694.2707123409878,3704.94677734375,1419898
2024-06-12,3726.3947480686384,3744.7652068204034,3681.2383223307793,3685.27783203125,2177001
2024-06-13,3709.4674356568485,3741.3991241494596,3704.850752242601,3730.001708984375,1932323
2024-06-14,3740.4367662696864,3740.4367662696864,3681.76702012866,3685.662353515625,1860730
2024-06-18,3679.8920062119564,3695.2326570314176,3650.076229957929,3669.3603515625,1774045
2024-06-19,3681.430319971562,3687.3936623867617,3648.055937359544,3656.4716796875,1509050
2024-06-20,3650.9894727993596,3664.4065236093124,3635.6488237424105,3642.57373046875,2846526
2024-06-21,3680.805261213651,3729.6647038570986,3652.961223433323,3665.176025390625,4642195
2024-06-24,3663.2525869100127,3709.6593968393613,3646.4692383647352,3670.9951171875,1702154
2024-06-25,3671.1875692289377,3700.6666209665473,3648.008114439095,3691.818115234375,1338808
2024-06-26,3697.636708742461,3719.229051976328,3694.270411829833,3708.55322265625,1639845
2024-06-27,3684.652571402827,3791.4122778569417,3672.245456200075,3783.862060546875,4526556
2024-06-28,3768.137000917722,3808.7248807139936,3748.949153595159,3755.00830078125,2731571
2024-07-01,3735.628055417014,3848.8317731613156,3735.628055417014,3826.2294921875,2658723
2024-07-02,3841.0412524117046,3869.7026797753697,3830.4133246392416,3863.931884765625,2307449
2024-07-03,3866.432427120768,3872.299495624929,3803.915484891203,3813.77392578125,1821198
2024-07-04,3847.0528562312384,3892.738320988545,3829.9809194008767,3867.3466796875,2518001
2024-07-05,3856.8146129950023,3872.924748847288,3835.6550315770746,3858.5458984375,1668616
2024-07-08,3868.356357887955,3877.253000431581,3826.085330278659,3840.656494140625,1758882
2024-07-09,3832.769832819263,3853.8812784110864,3823.2481146132445,3833.250732421875,1305801
2024-07-10,3831.519065098836,3850.3704215684993,3752.940124824833,3759.81689453125,2669716
2024-07-11,3780.8322154624884,3827.960370781151,3746.7846216681673,3773.81103515625,4872189
2024-07-12,3827.9612066198843,4039.5091500984563,3819.593599688873,4024.120361328125,13509164
2024-07-15,4073.893243441129,4078.0287923366595,3998.2473572389417,4009.93359375,4848030
2024-07-16,4012.6260416342875,4034.314424549635,3986.561190822614,4018.829833984375,2029521
2024-07-18,4001.0842332290817,4159.781083825908,4001.0842332290817,4150.69189453125,5613364
2024-07-19,4162.116257683314,4201.979119036148,4131.122688809786,4147.65576171875,3903354
2024-07-22,4145.293882588232,4164.574542569397,4111.60074098345,4133.14697265625,1896386
2024-07-23,4128.953289405216,4204.822873881606,4112.853750210899,4147.607421875,2365208
2024-07-24,4133.2915683962265,4183.03576631366,4114.589421974038,4151.3671875,1809793
2024-07-25,4140.521806883495,4186.795391686849,4120.470108423073,4167.03271484375,2810342
2024-07-26,4193.543483943422,4263.387861980931,4181.059068502381,4230.0322265625,3552210
2024-07-29,4256.206017658637,4271.630546827955,4213.788562443014,4223.525390625,1746803
2024-07-30,4233.165648077155,4239.817382022423,4171.660056647635,4208.341796875,1797906
2024-07-31,4193.543895095498,4255.242012172765,4188.723729698836,4227.62255859375,2330091
2024-08-01,4241.166306163715,4260.350467001491,4208.051681436031,4238.94921875,2202244
2024-08-02,4208.003662009789,4239.816748114331,4116.420535345201,4129.0009765625,2811282
2024-08-05,4086.5359851916824,4086.5359851916824,3962.657741715124,4005.605224609375,2787771
2024-08-06,4020.933796427503,4105.093692530791,4011.1484844962138,4021.1748046875,2203067
2024-08-07,4075.931724905789,4092.2722733489227,4029.9471602514795,4049.372802734375,1237666
2024-08-08,4030.6220974673806,4079.7877819856385,4010.3774038422157,4022.475830078125,2441283
2024-08-09,4065.327153287116,4100.658868526236,4054.288787170363,4076.654541015625,1302536
2024-08-12,4077.8595000099504,4086.535796818482,4035.7795546324164,4044.744873046875,936912
2024-08-13,4061.4708316260158,4081.715523642191,4032.5498430314797,4045.998291015625,1495593
2024-08-14,4057.615328501506,4151.319534354046,4037.515144170132,4140.76318359375,3226545
2024-08-16,4193.544062573598,4267.77461264674,4169.539732083415,4257.21826171875,3457058
2024-08-19,4261.990021771471,4332.605441155041,4232.442503572573,4328.50830078125,2055210
2024-08-20,4342.968735663154,4400.810716604284,4338.148570584726,4360.6103515625,2212298
2024-08-21,4355.501279840781,4395.990667568384,4330.966450656232,4387.79638671875,1896990
2024-08-22,4395.99057536928,4396.906595026849,4335.44948994356,4340.07666015625,1829872
2024-08-23,4338.148364040649,4343.932561859369,4294.7668804002415,4303.3466796875,1809253
2024-08-26,4327.544796355457,4388.423395437223,4323.688663767926,4340.51123046875,1844164
2024-08-27,4342.969610309829,4347.789776359007,4325.424017603083,4335.40185546875,930697
2024-08-28,4336.943216530728,4398.400316848334,4296.983862624771,4343.98046875,1848058
2024-08-29,4299.5872043857225,4392.134372910617,4299.5872043857225,4349.52392578125,2133641
2024-08-30,4338.149040111172,4427.081095433451,4326.387647759152,4389.9658203125,3637222
2024-09-02,4411.41521031719,4422.9836068477425,4349.717095487579,4358.44140625,1216500
2024-09-03,4358.44100349684,4392.037646126918,4334.195668819197,4350.05419921875,1717263
2024-09-04,4315.927443783511,4325.615786508623,4277.125118085501,4318.14453125,1265505
2024-09-05,4319.831556912344,4337.184149642632,4293.94717861249,4314.96337890625,1688793
2024-09-06,4313.035167395691,4356.416647756415,4280.3060622580915,4296.45361328125,1649179
2024-09-09,4294.767352143904,4328.749518061541,4271.148541789801,4289.51318359375,1184938
2024-09-10,4282.668643733856,4376.661862432096,4280.740577709276,4345.71630859375,1385591
2024-09-11,4358.8270934249695,4385.723519347326,4310.432449677661,4318.2412109375,1325919
2024-09-12,4348.0296801859,4369.575911096477,4271.919089315057,4355.2119140625,2742216
2024-09-13,4367.06978569543,4383.4583478051045,4342.968959063557,4359.93603515625,1458786
2024-09-16,4364.17732856035,4382.541968659906,4332.798243146996,4350.921875,1155120
2024-09-17,4350.921959825614,4372.660715800715,4305.371400339266,4343.59521484375,1699364
2024-09-18,4335.305025597592,4335.305025597592,4165.587180306744,4189.83251953125,2961779
2024-09-19,4232.152478713516,4263.146513275474,4127.79591644136,4141.6298828125,2927551
2024-09-20,4161.634214107266,4174.938152739774,4075.4497528623806,4130.78515625,5447908
2024-09-23,4145.341647021787,4154.403462524923,4100.032098786898,4114.974609375,1702319
2024-09-24,4098.731160481688,4136.665956416498,4087.5002692160224,4117.67431640625,3012026
2024-09-25,4099.405755293621,4135.315983961965,4087.4998537926194,4121.0,2713073
2024-09-26,4106.780742665259,4161.537630946426,4106.780742665259,4138.11181640625,3964251
2024-09-27,4179.082882471852,4220.5362997605,4145.389742225136,4153.72900390625,3012477
2024-09-30,4132.7127213486465,4144.136605845328,4106.828342734448,4114.974609375,2503416
2024-10-01,4102.490682592709,4141.244999726133,4090.34424266424,4133.67724609375,1823365
2024-10-03,4109.287467676963,4125.097515917087,4058.579233935717,4080.510986328125,3350119
2024-10-04,4073.03966948564,4143.414082709889,4072.1236497929604,4099.3095703125,2965463
2024-10-07,4120.180014982225,4142.690276782789,4077.2805519961676,4119.16796875,1472619
2024-10-08,4118.927570558943,4125.482806799547,4052.74679795751,4100.2734375,1541867
2024-10-09,4106.781108518191,4140.522267860477,4093.959656255842,4099.98486328125,1082504
2024-10-10,4100.273620276828,4139.413456731442,4047.589307591051,4075.353271484375,2378875
2024-10-11,3993.9888713374494,4089.3801286135276,3964.537850351833,3999.966064453125,5759183
2024-10-14,3991.096547994956,4015.58289160934,3973.936949192235,3987.866943359375,2137590
2024-10-15,3982.468672581659,4019.9699360230884,3947.71546828532,3968.731201171875,2759474
2024-10-16,3938.0751541994937,3966.996146763994,3920.915318205962,3947.667236328125,2359151
2024-10-17,3964.8748071016144,3981.4083499313706,3945.7388929151134,3961.211669921875,2522659
2024-10-18,3952.5140502031854,4006.7764653452905,3942.8502016696816,3984.452880859375,2361000
2024-10-21,3993.682123072348,4000.78514608908,3933.1863371253517,3942.705322265625,1595450
2024-10-22,3929.320744784857,3952.3207510778343,3871.6759836673737,3880.518310546875,1928049
2024-10-23,3865.153042421479,3975.272315864082,3860.85244097846,3929.5625,1966476
2024-10-24,3869.4051429301385,3941.884010492516,3869.4051429301385,3911.829345703125,2676744
2024-10-25,3920.6718368553634,3954.446941330257,3897.140270580229,3921.155029296875,1759676
2024-10-28,3932.1714800258023,3995.034859975357,3914.8249196323586,3953.33544921875,1532534
2024-10-29,3958.16763280639,3965.560382816574,3923.6193731047465,3938.260009765625,1445885
2024-10-30,3938.0182306494053,3968.9425455894743,3923.5708244501016,3947.34375,1935002
2024-10-31,3933.186481064544,3941.207522795,3826.8841437384754,3835.050048828125,3740372
2024-11-01,3855.730723825808,3864.524684481904,3842.3945655856387,3850.2705078125,154895
2024-11-04,3832.972400304222,3857.711711695001,3781.7056351856645,3830.89453125,2269192
2024-11-05,3808.6193975736255,3852.009982633179,3808.6193975736255,3837.8525390625,967590
2024-11-06,3869.0184054781503,4010.303584712349,3841.6213011336513,4000.494873046875,3792017
2024-11-07,4029.5350171557393,4064.42113204854,3947.730399679977,4011.36669921875,3724349
2024-11-08,4015.3289790506506,4029.5831553300723,3979.2344111831385,4007.597900390625,1648039
2024-11-11,3989.430170065666,4091.963226275835,3979.234526666309,4057.560302734375,1406487
2024-11-12,4074.2785636801987,4076.2113333973143,4024.3648801092036,4056.3037109375,1587640
2024-11-13,4037.6528745300852,4055.6758586730907,3992.184181532681,4010.835693359375,1098813
2024-11-14,3996.0011679696254,4020.160788090361,3978.0749185870723,4006.53466796875,1825432
2024-11-18,4071.3795078703233,4071.3795078703233,3856.068908973733,3884.384033203125,3313944
2024-11-19,3884.7704056996986,3993.247106272653,3879.1655622567805,3903.760009765625,1776233
2024-11-21,3908.930028227587,3954.8816755354096,3888.7326790147745,3935.940673828125,2384347
2024-11-22,3934.152965837454,4111.919658653727,3917.7244223790317,4101.91748046875,3096553
2024-11-25,4136.127160650989,4182.610366339302,4109.261850550811,4170.04736328125,4052167
2024-11-26,4175.797329148291,4219.816444946144,4165.118964633349,4206.3837890625,2060669
2024-11-27,4212.4235829879535,4230.253100994659,4178.696373009198,4186.91064453125,1558993
2024-11-28,4173.816741137543,4194.06269527633,4090.7076326082943,4102.20751953125,2558544
2024-11-29,4078.143423446166,4154.198087886355,4054.6118616885574,4127.2841796875,2017425
2024-12-02,4126.463283598858,4144.051676505499,4087.8560203366483,4132.8896484375,1670944
2024-12-03,4169.322463028103,4179.614367038159,4122.066339471409,4158.1123046875,2010905
2024-12-04,4168.549449151754,4239.482479199273,4144.873018803544,4208.0263671875,3302642
2024-12-05,4252.8659093583465,4338.101234865255,4213.437599468147,4313.98974609375,3746747
2024-12-06,4303.311851411364,4314.908469919546,4264.414860165169,4296.06396484375,1842087
2024-12-09,4281.5199661588285,4319.160373110423,4267.120454336757,4302.490234375,2066639
2024-12-10,4277.364547251339,4342.740393143262,4263.787027783619,4283.54931640625,2087828
2024-12-11,4282.872604248985,4299.10768027082,4258.857847404851,4278.62060546875,1635256
2024-12-12,4281.132929290767,4334.235964469825,4277.21925947457,4305.1962890625,1914642
2024-12-13,4285.868384861056,4343.802869518513,4246.681198764737,4323.5087890625,1967048
2024-12-16,4309.11067700471,4324.572836868374,4249.194807533015,4266.783203125,1646224
2024-12-17,4261.756942764887,4283.935662540592,4172.849541691334,4182.99658203125,3225027
2024-12-18,4166.762056788204,4215.3710296160425,4145.404855639226,4201.69677734375,1575404
2024-12-19,4138.060387129693,4217.303953627739,4118.732687983827,4128.2998046875,3015763
2024-12-20,4183.480217952144,4234.698617478931,4012.9132836789736,4030.11474609375,4116989
2024-12-23,4058.864388641254,4075.2448001443836,3976.576815304956,4018.517822265625,2195338
2024-12-24,4018.5180669842844,4076.211433199807,4018.5180669842844,4039.005615234375,1181886
2024-12-26,4039.0056307056766,4058.7683903698035,4003.877445728934,4028.955322265625,1208464
2024-12-27,4023.060238137416,4040.407035405857,4007.8396763428773,4024.84814453125,858100
2024-12-30,4011.4636074414875,4058.1398080559024,3973.774597398072,4019.001220703125,1527169
2024-12-31,3996.0017033441027,4000.7854975159617,3896.5124215443434,3957.153076171875,1555429
2025-01-01,3956.766186468118,3995.035122362092,3948.1170889173036,3974.209716796875,763161
2025-01-02,3981.505394801832,4042.3876374893357,3959.2304138036743,4035.38134765625,1720835
2025-01-03,4039.4404431477788,4039.4404431477788,3954.7366715684284,3962.0810546875,1791953
2025-01-06,3967.4932329226763,4010.159032163457,3929.7074887117915,3957.34619140625,2085593
2025-01-07,3976.6253239855905,4001.171403547374,3876.700994043036,3892.887939453125,2669054
2025-01-08,3899.2663636904895,3987.304123019685,3882.6929569225254,3970.295654296875,2181277
2025-01-09,3963.144467280376,3998.6591122870946,3889.989177677788,3903.083740234375,2392472
2025-01-10,4058.8166896003695,4152.556027431617,4029.82514181751,4122.259765625,7894300
2025-01-13,4102.304052275712,4177.633946764794,4085.295583032913,4146.8544921875,4003771
2025-01-14,4157.3875499089545,4168.887435043552,4077.225739296517,4090.755126953125,3441709
2025-01-15,4076.2116534172965,4113.36934289311,4066.0164811061386,4106.74951171875,1653474
2025-01-16,4116.799350676336,4149.6564346958185,4050.9403192872737,4064.904296875,2637705
2025-01-17,4094.0359508349425,4094.7250599119097,4035.133463463163,4058.99951171875,1761466
2025-01-20,4080.158948884836,4080.158948884836,4003.689468952198,4013.23583984375,1287799
2025-01-21,4030.458871168815,4045.9102438944124,3966.1927226695407,3971.9501953125,1971591
2025-01-22,3985.8758020500386,4097.2341866812185,3980.1675861797344,4090.7880859375,2409223
2025-01-23,4102.007713181408,4124.988106820918,4074.5000556101986,4079.81494140625,1822998
2025-01-24,4039.0213862561122,4111.849744585292,4039.0213862561122,4086.60595703125,1910099
2025-01-27,4037.052534242388,4090.542100180829,3977.0676110731124,4000.785888671875,1551782
2025-01-28,4006.3469263960387,4037.052887627697,3964.519830412573,3976.329833984375,2468272
2025-01-29,3989.8125558722263,4042.8100387937484,3989.8125558722263,4034.88720703125,1217089
2025-01-30,4034.985771856494,4064.5107788173946,3994.2413583605,4035.13330078125,1531251
2025-01-31,4044.92593735956,4063.0840087875113,4020.5678067148765,4047.287841796875,1492943
2025-02-01,4047.8788185203425,4070.416146418094,3991.781300247632,4008.65966796875,437172
2025-02-03,3967.0784110116783,4012.4486029262193,3935.388283689166,4004.230712890625,1265713
2025-02-04,4019.0425508168632,4053.63616349098,4001.6721001506876,4042.022705078125,2547132
2025-02-05,4084.2927757507155,4084.2927757507155,4011.4644226409437,4026.325439453125,1693912
2025-02-06,4040.3987061104212,4073.9588936015093,3987.401462566728,4018.107421875,2284536
2025-02-07,4025.242909445723,4025.242909445723,3944.5412178627034,3965.602294921875,1548940
2025-02-10,3976.0344720918165,3987.8444754742677,3950.7906859718814,3973.03271484375,1339511
2025-02-11,3954.7763343520787,3976.034436359499,3892.380246485599,3900.794921875,1810908
2025-02-12,3908.225423162638,3958.0733824566832,3877.765264214856,3887.60693359375,1678002
2025-02-13,3905.174387520859,3921.3638855028084,3840.4654117195746,3848.240234375,2277310
2025-02-14,3862.854932566845,3885.490770388256,3838.250761021833,3872.549072265625,1681975
2025-02-17,3795.439675974837,3871.71261124984,3795.14437784778,3842.6796875,1799806
2025-02-18,3836.6764480532574,3862.2647894621036,3803.3132836340874,3811.87548828125,2149879
2025-02-19,3810.891244071504,3813.5977032041283,3708.488624107545,3724.186279296875,4366672
2025-02-20,3701.943811253983,3728.024234223072,3691.905356883169,3719.560302734375,2888572
2025-02-21,3716.312995440546,3756.565328445878,3715.2303156623498,3726.05615234375,1833931
2025-02-24,3683.884336428401,3703.616931368376,3611.892621833515,3617.404052734375,2508516
2025-02-25,3567.6050003776913,3600.0825079673364,3563.9143745152314,3572.0830078125,4101954
2025-02-27,3554.5156569204064,3580.3992952627914,3543.6898206785454,3555.352294921875,3823856
2025-02-28,3528.1893424937143,3543.001103495299,3402.26522632868,3428.099609375,7085018
2025-03-03,3429.8215492496156,3467.465932107233,3421.1115763215325,3437.744140625,4990439
2025-03-04,3418.9960131405514,3494.7768689297923,3409.449641700051,3476.126953125,2797737
2025-03-05,3465.104278437371,3543.3455504299354,3465.104278437371,3490.889404296875,2501894
2025-03-06,3500.6815016302025,3552.3010050962666,3480.1125104801763,3544.575439453125,2786513
2025-03-07,3543.0008163486063,3567.6049886843603,3517.806047766746,3554.0234375,2051315
2025-03-10,3549.3980060199115,3564.751106121065,3525.876512682056,3532.814697265625,1004626
2025-03-11,3501.666002409517,3531.929136072837,3481.6381088995104,3518.692138671875,1995450
2025-03-12,3508.5550985819973,3512.7378080263093,3431.642549263105,3450.68603515625,3174167
2025-03-13,3446.8480117071717,3468.4996849505683,3428.936220988117,3455.45947265625,1693004
2025-03-17,3433.758596103089,3474.5522694033125,3422.293146886519,3442.32080078125,2690906
2025-03-18,3442.32080078125,3442.32080078125,3442.32080078125,3442.32080078125,0
2025-03-19,3490.84030532552,3490.84030532552,3407.924236612897,3441.73046875,3051244
2025-03-20,3456.394331571365,3522.2842608792944,3456.394331571365,3506.734375,2845192
2025-03-21,3419.980285411375,3558.993872552197,3410.138615525299,3521.447998046875,4161925
2025-03-24,3543.000847877303,3591.963151261163,3510.129769454268,3571.492431640625,1834751
2025-03-25,3587.2882979899273,3651.2591455535335,3580.3991297907696,3599.83642578125,3135390
2025-03-26,3589.9946325390874,3622.2260969255326,3568.4414746014018,3578.23388671875,1734499
2025-03-27,3557.616055783924,3605.0035991217837,3553.334833368605,3593.390380859375,2528474
2025-03-28,3593.1934495717564,3602.9858624379135,3535.029088090658,3549.053466796875,2051919
2025-04-01,3516.1329927216443,3527.2541266111284,3469.1882802188134,3494.579833984375,2618493
2025-04-02,3487.8876353082755,3507.6694869120347,3474.1585545505054,3487.83837890625,1764313
2025-04-03,3435.72673868462,3446.5525748706787,3342.3784096429627,3349.267578125,4537821
2025-04-04,3309.359945032038,3345.8231390019464,3243.3222453227836,3247.160400390625,5317367
2025-04-07,3050.917373829733,3239.2868213813013,3007.66328685901,3222.211669921875,6623955
2025-04-08,3249.768515327564,3295.9751054332087,3203.758710556288,3240.8125,5557558
2025-04-09,3208.9256141746023,3218.225943847207,3161.193516842312,3195.196533203125,2990265
2025-04-11,3237.466387828363,3246.7174609037224,3155.2391923859855,3180.33544921875,7108961
2025-04-15,3261.9227992555975,3261.9227992555975,3187.323137665445,3196.77099609375,3512160
2025-04-16,3196.770807962191,3226.1975418061343,3177.8748519424867,3221.965576171875,2384391
2025-04-17,3194.114034744952,3251.2942342038577,3167.0494419378383,3246.66845703125,2932346
2025-04-21,3238.0075324909676,3300.895699711744,3232.102531239247,3269.0087890625,2432946
2025-04-22,3269.99296804921,3281.113861561047,3242.8298660806427,3261.922607421875,2710498
2025-04-23,3311.7216581561997,3366.736492414926,3284.460282754783,3358.961669921875,3543923
2025-04-24,3347.25010405524,3358.469510485716,3334.0621235706053,3347.7421875,2252175
2025-04-25,3365.8510396652046,3422.7359386245157,3351.0885351052693,3393.40771484375,2742991
2025-04-28,3380.6130974798534,3403.05214950068,3351.088092261689,3388.978515625,1593296
2025-04-29,3400.296610646148,3439.663286312095,3376.086009001543,3417.51953125,1578332
2025-04-30,3417.027637154589,3454.32746830495,3312.7059408589703,3399.017333984375,2809332
2025-05-02,3417.027602193238,3436.2188574474917,3365.8509215152285,3376.6767578125,1721761
2025-05-05,3395.375944257656,3449.0130425075236,3391.832847162291,3399.60791015625,1284443
2025-05-06,3405.217529296875,3418.011699204638,3382.5816902292945,3405.217529296875,1324763
2025-05-07,3366.4413778642383,3404.7253739778457,3366.4413778642383,3390.553466796875,1477128
2025-05-08,3393.4075587678194,3421.9483996043236,3374.4130890526376,3394.293212890625,2543591
2025-05-09,3345.1834469493565,3391.636078710749,3344.297792808673,3385.82958984375,2531757
2025-05-12,3449.505112495261,3573.018063028258,3446.7493970179844,3563.077880859375,2228678
2025-05-13,3563.077775622703,3565.636705692123,3454.9179286039744,3459.3466796875,3062887
2025-05-14,3465.251807319678,3504.618485051228,3453.0482333329505,3492.51318359375,2119499
2025-05-15,3507.5710795750197,3543.001090479818,3458.4612439031466,3523.21923828125,3548330
2025-05-16,3536.997270491984,3536.997270491984,3489.9542856276926,3504.91357421875,1666727
2025-05-19,3493.7923840309495,3493.7923840309495,3448.2254099532133,3463.08642578125,2537377
2025-05-20,3475.8809706180728,3501.666097309959,3438.6794109052826,3442.911376953125,2038374
2025-05-21,3452.457610566972,3480.998451703358,3442.911239345345,3469.975830078125,1440153
2025-05-22,3439.663491434224,3442.4192069501996,3396.6554437594436,3421.948486328125,2034383
2025-05-23,3421.9481114702744,3479.0297883369053,3410.7287055754973,3458.952880859375,1274331
2025-05-26,3465.2517322885897,3488.871738416089,3454.524408949068,3481.293701171875,967470
2025-05-27,3476.0777398133723,3483.951075577389,3427.952071065876,3443.304931640625,2467680
2025-05-28,3464.2677725087055,3473.1252753361427,3437.6952640263944,3442.32080078125,1222933
2025-05-29,3449.2099574948593,3476.5698475204663,3431.2981665619545,3442.714599609375,3188072
2025-05-30,3434.7426576999464,3451.1781977204464,3398.4269933317396,3408.563720703125,3404365
2025-06-02,3395.375984554132,3405.217654074579,3364.4732383699834,3395.17919921875,1877585
2025-06-03,3391.439214740725,3418.503805107925,3346.6596197695403,3351.28515625,2848125
2025-06-04,3364.9875293233777,3370.746482399833,3346.1221522041255,3356.94482421875,2544807
2025-06-05,3384.8454732776427,3384.8454732776427,3339.8663987058812,3347.214111328125,3584683
2025-06-06,3347.2144001409188,3366.873914676264,3334.9021140402438,3360.221435546875,2070390
2025-06-09,3375.9095645850753,3409.668660230926,3366.873944962607,3397.654296875,1718678
2025-06-10,3415.626122829056,3461.1016586442274,3398.94510956099,3438.36376953125,2419874
2025-06-11,3445.4136080819626,3464.278985186734,3424.6617902310286,3447.300048828125,2847013
2025-06-12,3447.299771702225,3450.079980797376,3398.944883808313,3409.866943359375,4060134
2025-06-13,3369.157630228437,3426.0516828925206,3369.157630228437,3421.28564453125,2178493
2025-06-16,3415.625963412075,3484.1370655851665,3401.9236944953027,3471.527099609375,1934088
2025-06-17,3485.13008250971,3495.0592280439255,3463.3853507540894,3490.392578125,2111940
2025-06-18,3494.16557511537,3512.9315625297536,3418.704071793645,3426.945068359375,2696327
2025-06-19,3425.5552808815073,3426.548195455676,3388.817441637271,3399.739501953125,2672768
2025-06-20,3400.7323081895083,3421.8814364277036,3386.732116175425,3411.3564453125,2351248
2025-06-23,3390.8032061585363,3400.732351710977,3346.122051172553,3369.554931640625,3123421
2025-06-24,3410.264459071302,3417.711318302596,3358.0370560315137,3366.37744140625,3403048
2025-06-25,3383.157794223958,3425.555197020872,3375.909469527816,3420.39208984375,1757699
2025-06-26,3420.392073713661,3426.945164265374,3391.10109463089,3417.413330078125,2879106
2025-06-27,3430.5199217495656,3441.8390511551324,3406.689971497181,3416.718505859375,1778433
2025-06-30,3415.526706051579,3440.3495701102424,3405.6969488486607,3437.47021484375,1468351
2025-07-01,3430.5199578930915,3460.307396022409,3389.314001814202,3405.399169921875,2375183
2025-07-02,3462.4915764882385,3465.172397295891,3395.7677670907174,3399.04443359375,3090585
2025-07-03,3405.6969138623963,3410.959409470928,3373.5265793371623,3376.703857421875,2531870
2025-07-04,3383.852895387978,3402.718272445599,3366.0798213348503,3395.5693359375,1109320
2025-07-07,3394.0799444957242,3401.8247266726726,3384.249944744325,3387.526611328125,1639174
2025-07-08,3380.873980731512,3400.732271367233,3369.3560751984837,3382.0654296875,2325242
2025-07-09,3385.838530827281,3389.810188927958,3343.1432062450012,3359.82421875,2034938
2025-07-10,3356.051036218861,3374.916411866245,3332.2210880326916,3358.036865234375,3035012
2025-07-11,3276.518592650877,3311.369989959287,3237.9937024384426,3242.85888671875,7635550
2025-07-14,3242.8587244157825,3248.8162113559215,3177.326368074251,3199.865478515625,3924009
2025-07-15,3183.2841104563845,3236.3056515140206,3183.2841104563845,3229.256103515625,2590889
2025-07-16,3215.0089950915135,3232.842384321887,3208.632873739526,3221.08642578125,2540733
2025-07-17,3212.1199267281463,3229.9533162828457,3192.194243099011,3197.275146484375,2947640
2025-07-18,3213.0165477432356,3216.802476353157,3175.157748110912,3178.046875,3432645
2025-07-21,3178.1464846864797,3185.718341629892,3140.287686436296,3146.464599609375,3844346
2025-07-22,3147.859619140625,3168.283445003984,3142.8781981983425,3147.859619140625,3198036
2025-07-23,3147.859568015624,3170.1762361812234,3145.866999671073,3167.287109375,1922875
2025-07-24,3153.339291883696,3161.9071902624382,3128.332460590057,3136.302734375,2934778
2025-07-25,3128.3322940864455,3145.169399267611,3113.9858993305074,3124.14794921875,2568917
2025-07-28,3098.443785696339,3106.4140591000596,3058.4926929668136,3067.85791015625,3374473
2025-07-29,3048.629668071008,3062.5776469445354,3029.8994763655814,3044.64453125,4785312
2025-07-30,3048.6295393197033,3057.5960967882907,3035.877053384358,3042.25341796875,2880121
2025-07-31,3030.3975643658264,3048.430405452322,3003.796825207198,3025.515869140625,2968371
2025-08-01,3018.64125499041,3025.515761579588,2988.8524561376125,2991.84130859375,2053847
2025-08-04,2997.9189099713494,3067.957495262713,2980.483936317478,3062.97607421875,2519252
2025-08-05,3062.9761210710876,3066.064699458969,3030.696609505827,3052.51513671875,1927996
2025-08-06,3051.618345400808,3055.40427380999,3014.75583192388,3021.032470703125,1487081
2025-08-07,3004.793168100796,3040.2609831608825,2999.7120213520734,3035.677978515625,2543076
2025-08-08,3036.7739069952254,3048.4303832570085,3013.759645138969,3025.1171875,2762140
2025-08-11,3025.117180240026,3038.567016640599,3010.073435095005,3029.5009765625,1884215
2025-08-12,3029.700138212843,3084.8941835228848,3015.652434227984,3024.120849609375,3358232
2025-08-13,3024.8184862723915,3033.087450352522,3017.3463549468943,3024.91796875,2148166
2025-08-14,3022.726300858826,3044.544827820162,3007.881763385299,3011.06982421875,3342174
2025-08-18,3035.179867843642,3037.67057838676,2992.2399207869066,3000.010986328125,2945609
2025-08-19,3000.0110105142285,3013.7597814697733,2999.911528031773,3004.992431640625,2650784
2025-08-20,2999.7118666132724,3091.868151000454,2999.7118666132724,3087.086181640625,4952358
2025-08-21,3118.3696236696637,3118.3696236696637,3071.6439908192406,3091.071533203125,3230726
2025-08-22,3074.5329489117757,3084.1968567150047,3038.666718788372,3042.65185546875,1593791
2025-08-25,3075.8281806328096,3140.2877180773667,3065.666130699425,3128.93017578125,3448370
2025-08-26,3117.373339366996,3150.2507187850565,3108.4067813438887,3145.468505859375,5522097
2025-08-28,3133.313773226287,3134.808199509225,3075.0311481917124,3082.204345703125,3116051
2025-08-29,3081.507000394383,3103.425252579535,3065.7656615419933,3073.23779296875,2271789
2025-09-01,3078.518060334719,3119.4654366830314,3078.518060334719,3101.0341796875,1246862
2025-09-02,3109.5026578628494,3143.2765943406766,3091.569542586104,3099.938232421875,2185229
2025-09-03,3118.2697443758125,3130.2251544847713,3076.5255347054076,3085.990234375,1799774
2025-09-04,3104.421639864457,3106.414208311097,3079.3153260834893,3084.197021484375,1481391
2025-09-05,3085.5918616420554,3091.868257451282,3017.3463946381216,3036.97314453125,2802055
2025-09-08,3038.666792443431,3053.5113296442846,3004.7931298391436,3007.781982421875,2626187
2025-09-09,3020.833326119296,3048.6295571410296,3019.538108052908,3038.06884765625,2489301
2025-09-10,3045.0429174900823,3111.0966082909868,3042.0540649039185,3098.44384765625,2079428
2025-09-11,3127.336119333051,3127.336119333051,3098.5436031034214,3112.591064453125,2263446
2025-09-12,3132.3175458217547,3137.0000329464906,3109.4030090679694,3121.7568359375,1447167
2025-09-15,3122.3546477883615,3122.3546477883615,3084.4958486128803,3100.336669921875,1732539
2025-09-16,3116.377048374956,3138.2953012727335,3097.5473738607,3134.01123046875,2573429
2025-09-17,3140.287738435889,3170.5746802441777,3130.7233130051436,3161.010498046875,2418271
2025-09-18,3173.1652036699406,3191.0983194206656,3149.652799058944,3164.89599609375,2633138
2025-09-19,3158.220904129198,3168.681888196503,3132.3175150101574,3157.423828125,4901694
2025-09-22,3083.499594330073,3095.355278998739,3053.6110683753386,3062.37841796875,3634901
2025-09-23,3058.592364705798,3069.252556548476,3040.6592498638747,3051.0205078125,3177741
2025-09-24,3038.666695675492,3045.640684813108,3021.7298649127106,3024.120849609375,1625714
2025-09-25,3010.7706978406754,3018.3425546653493,2940.03452327195,2946.41064453125,4974361
2025-09-26,2930.07184762513,2943.820618304199,2880.5565712711505,2888.32763671875,3934636
2025-09-29,2905.164580331207,2918.4152081680195,2883.2463290392707,2885.338623046875,3110035
2025-09-30,2900.183356935398,2904.467427717032,2874.379692997371,2877.667236328125,2253458
2025-10-01,2880.257593329001,2913.932047598146,2855.9483563860495,2903.371337890625,1952902
2025-10-03,2913.134920868619,2913.134920868619,2880.3572688813597,2891.116943359375,2899519
2025-10-06,2891.2167953135195,2982.476526807699,2884.840673623438,2977.295654296875,2112774
2025-10-07,2983.87104765697,2993.335747140356,2944.517823489207,2962.650146484375,3062943
2025-10-08,2963.9454305531126,3031.692754680041,2956.9714413047523,3015.951416015625,4121889
2025-10-09,3022.726218895035,3054.6073128319636,3008.7782402976286,3050.3232421875,3211304
2025-10-10,3038.666680855733,3058.5923640088854,2995.726736367315,3017.04736328125,8817365
2025-10-13,3015.7523552483212,3024.220771178156,2987.059320862895,2996.02587890625,2866865
2025-10-14,3009.774448720779,3015.9513618688843,2944.5178362112756,2949.300048828125,3611416
2025-10-15,2971.0,2979.699951171875,2951.0,2969.800048828125,4282226
2025-10-16,2969.89990234375,2975.0,2943.10009765625,2970.699951171875,3251495
2025-10-17,2970.0,2988.800048828125,2955.39990234375,2962.199951171875,4374683
2025-10-20,2985.5,3023.0,2978.5,3015.199951171875,3133039
2025-10-21,3031.10009765625,3031.800048828125,2996.0,3006.699951171875,310644
2025-10-23,3055.0,3098.0,3036.10009765625,3073.199951171875,5564758
2025-10-24,3080.0,3090.0,3058.300048828125,3063.199951171875,2684318
2025-10-27,3066.5,3094.199951171875,3060.199951171875,3084.89990234375,1946312
2025-10-28,3076.0,3090.199951171875,3040.199951171875,3057.89990234375,3470737
2025-10-29,3057.89990234375,3076.0,3046.10009765625,3057.60009765625,2895420
2025-10-30,3049.10009765625,3063.800048828125,3032.800048828125,3035.300048828125,2241536
2025-10-31,3035.0,3067.39990234375,3025.10009765625,3058.0,1868085
2025-11-03,3046.89990234375,3058.0,3010.0,3016.800048828125,2194877
2025-11-04,3019.60009765625,3029.300048828125,2976.0,2990.199951171875,2670720
2025-11-05,2990.199951171875,2990.199951171875,2990.199951171875,2990.199951171875,0
2025-11-06,2990.10009765625,3024.0,2990.0,3010.89990234375,2542721
2025-11-07,3001.0,3004.0,2960.5,2991.800048828125,1830520
2025-11-10,2993.0,3047.89990234375,2992.0,3025.199951171875,1556656
2025-11-11,3045.0,3055.699951171875,3018.0,3047.0,2806868
2025-11-12,3060.0,3136.39990234375,3057.10009765625,3131.800048828125,4460315
2025-11-13,3131.800048828125,3131.89990234375,3102.0,3105.699951171875,1740435
2025-11-14,3090.0,3113.10009765625,3077.300048828125,3106.0,2210337
